id;login;api_name;method;http_status_code;time;reqeust_data;response_data
1;Representative Toys;Quality;HEAD;87582;2020-11-13T04:28:34;../fake-data/blob/hipster.txt;../fake-data/blob/hipster.txt
2;Monitored;granular mesh;POST;3582;2020-11-12T19:50:50;../fake-data/blob/hipster.txt;../fake-data/blob/hipster.txt
3;Mountain Salad;invoice mobile Markets;HEAD;13672;2020-11-12T15:55:20;../fake-data/blob/hipster.txt;../fake-data/blob/hipster.txt
4;Decentralized;Pound Sterling;OPTIONS;97903;2020-11-12T16:57:42;../fake-data/blob/hipster.txt;../fake-data/blob/hipster.txt
5;bypass Swiss Franc;Chief Key;PATCH;87697;2020-11-12T07:01:29;../fake-data/blob/hipster.txt;../fake-data/blob/hipster.txt
6;Chicken;architectures Gorgeous Developer;PATCH;95035;2020-11-12T19:17:40;../fake-data/blob/hipster.txt;../fake-data/blob/hipster.txt
7;markets;Licensed Plastic Shirt;GET;83393;2020-11-12T19:52:54;../fake-data/blob/hipster.txt;../fake-data/blob/hipster.txt
8;Industrial Chair haptic;local hack invoice;PUT;32732;2020-11-13T00:50:47;../fake-data/blob/hipster.txt;../fake-data/blob/hipster.txt
9;enterprise encompassing;engineer;HEAD;66905;2020-11-13T01:40:06;../fake-data/blob/hipster.txt;../fake-data/blob/hipster.txt
10;Licensed Steel Table Optimization Mouse;Uganda Shilling Managed;OPTIONS;46387;2020-11-13T04:18:39;../fake-data/blob/hipster.txt;../fake-data/blob/hipster.txt
