id;name;time;channel_no;access_id;access_key_secret
1;solid state;2020-11-06T05:19:43;streamline;solid state;strategize Moldova
2;Practical Metal Cheese Strategist Skyway;2020-11-06T01:44:57;website Soft Cloned;haptic Plastic Auto Loan Account;Computers Communications
3;haptic Bike;2020-11-05T11:34:50;Towels Savings Account Toys;Metal;CSS turn-key
4;Wooden;2020-11-05T12:37:02;Canadian Dollar;back-end definition Personal Loan Account;infrastructures calculate interactive
5;Handmade Steel Sausages regional Cocos (Keeling) Islands;2020-11-05T21:53:53;Anguilla Health;Sri Lanka Rupee deliver Tools;calculating Rand Loti bus
6;SDD Ergonomic Wooden Fish;2020-11-05T16:22:11;parsing Granite architectures;back-end;programming Dynamic core
7;mesh;2020-11-05T18:35:04;Licensed Motorway;Dong;Practical PNG copy
8;SQL engineer;2020-11-05T10:37:27;holistic Refined Granite Salad;open-source target;Investment Account Home Intelligent
9;tan maximize;2020-11-06T01:59:32;North Dakota Bacon;withdrawal Garden;lime vortals
10;users generate programming;2020-11-06T04:04:38;Corporate;dot-com Investment Account navigating;Awesome Steel Shirt quantifying Fantastic Wooden Shoes
