id;name;media_type;obj_name;file_url
1;back-end Executive;mobile Corporate;program;object-oriented connect
2;Multi-layered Computers;District Small Soft Bike;Refined;Handcrafted solid state PNG
3;Concrete Consultant;National Mountain;Home Loan Account;input
4;indexing maroon;Danish Krone;Sao Tome and Principe teal;Versatile Germany
5;Intranet sky blue;Avon Tanzanian Shilling;Cotton withdrawal;West Virginia Hat
6;PNG Ergonomic;bus;bypass Solutions;Data Facilitator Egypt
7;Soft quantify;fresh-thinking synthesizing reboot;Manager Turnpike Island;AGP
8;Avon Buckinghamshire value-added;convergence;RAM;Computer
9;withdrawal Canadian Dollar;virtual optimal wireless;benchmark firewall markets;Home Loan Account
10;Beauty Somali Shilling Quality-focused;East Caribbean Dollar extensible programming;technologies;aggregate Berkshire bluetooth
